{
  "Print Statement": {
    "prefix": "print",
    "body": ["print(\"$1\");"],
    "description": "Print statement"
  },
  "Variable Declaration": {
    "prefix": "let",
    "body": ["let $1 = $2;"],
    "description": "Variable declaration"
  },  "Function Definition": {
    "prefix": "fun",
    "body": [
      "fun $1($2) {",
      "\t$3",
      "\treturn $4;",
      "}"
    ],
    "description": "Function definition"
  },
  "If Statement": {
    "prefix": "if",
    "body": [
      "if ($1) {",
      "\t$2",
      "}"
    ],
    "description": "If statement"
  },
  "If-Else Statement": {
    "prefix": "ifelse",
    "body": [
      "if ($1) {",
      "\t$2",
      "} else {",
      "\t$3",
      "}"
    ],
    "description": "If-else statement"
  },
  "While Loop": {
    "prefix": "while",
    "body": [
      "while ($1) {",
      "\t$2",
      "}"
    ],
    "description": "While loop"
  },
  "For Loop": {
    "prefix": "for",
    "body": [
      "for (let $1 = $2; $1 < $3; $1 = $1 + 1) {",
      "\t$4",
      "}"
    ],
    "description": "For loop"
  },
  "Array Declaration": {
    "prefix": "array",
    "body": ["let $1 = [$2];"],
    "description": "Array declaration"
  },  "Comment Block": {
    "prefix": "comment",
    "body": [
      "// $1"
    ],
    "description": "Line comment"
  },
  "Hello World": {
    "prefix": "hello",
    "body": ["print(\"Hello, World!\");"],
    "description": "Hello World program"
  },  "Main Function": {
    "prefix": "main",
    "body": [
      "fun main() {",
      "\t$1",
      "\treturn 0;",
      "}",
      "",
      "main();"
    ],
    "description": "Main function template"
  },
  "Length Function": {
    "prefix": "len",
    "body": ["len($1)"],
    "description": "Get length of array or string"
  },
  "Type Function": {
    "prefix": "type",
    "body": ["type($1)"],
    "description": "Get type of variable"
  },
  "Input Function": {
    "prefix": "input",
    "body": ["input(\"$1\")"],
    "description": "Get user input"
  }
}
