{  "comments": {
    "lineComment": "//"
  },
  "brackets": [
    ["{", "}"],
    ["[", "]"],
    ["(", ")"]
  ],
  "autoClosingPairs": [
    ["{", "}"],
    ["[", "]"],
    ["(", ")"],
    ["\"", "\""],
    ["'", "'"]
  ],
  "surroundingPairs": [
    ["{", "}"],
    ["[", "]"],
    ["(", ")"],
    ["\"", "\""],
    ["'", "'"]
  ],
  "indentationRules": {
    "increaseIndentPattern": "^(.*\\{[^}\"'`]*|.*\\([^)\"'`]*)$",
    "decreaseIndentPattern": "^(.*\\}.*|.*\\).*)$"
  },
  "wordPattern": "(-?\\d*\\.\\d\\w*)|([^\\`\\~\\!\\@\\#\\%\\^\\&\\*\\(\\)\\-\\=\\+\\[\\{\\]\\}\\\\\\|\\;\\:\\'\\\"\\,\\.\\<\\>\\/\\?\\s]+)",
  "folding": {
    "markers": {
      "start": "^\\s*#region\\b",
      "end": "^\\s*#endregion\\b"
    }
  }
}
