{
  "$schema": "https://raw.githubusercontent.com/martinring/tmlanguage/master/tmlanguage.json",
  "name": "Yeep",
  "patterns": [
    {
      "include": "#comments"
    },
    {
      "include": "#strings"
    },
    {
      "include": "#numbers"
    },
    {
      "include": "#keywords"
    },
    {
      "include": "#builtin-functions"
    },
    {
      "include": "#operators"
    },
    {
      "include": "#punctuation"
    },
    {
      "include": "#variables"
    },
    {
      "include": "#function-calls"
    }
  ],
  "repository": {    "comments": {
      "patterns": [
        {
          "name": "comment.line.double-slash.yeep",
          "match": "//.*$"
        }
      ]
    },
    "strings": {
      "patterns": [
        {
          "name": "string.quoted.double.yeep",
          "begin": "\"",
          "end": "\"",
          "patterns": [
            {
              "name": "constant.character.escape.yeep",
              "match": "\\\\[\"\\\\nrt]"
            }
          ]
        }
      ]
    },
    "numbers": {
      "patterns": [
        {
          "name": "constant.numeric.decimal.yeep",
          "match": "\\b\\d+\\.\\d+\\b"
        },
        {
          "name": "constant.numeric.integer.yeep",
          "match": "\\b\\d+\\b"
        }
      ]
    },
    "keywords": {
      "patterns": [
        {
          "name": "keyword.control.conditional.yeep",
          "match": "\\b(if|else)\\b"
        },
        {
          "name": "keyword.control.loop.yeep",
          "match": "\\b(while|for)\\b"
        },        {
          "name": "keyword.control.function.yeep",
          "match": "\\b(fun|return)\\b"
        },
        {
          "name": "keyword.other.yeep",
          "match": "\\b(let)\\b"
        },
        {
          "name": "constant.language.boolean.yeep",
          "match": "\\b(true|false)\\b"
        },
        {
          "name": "constant.language.null.yeep",
          "match": "\\b(null|undefined)\\b"
        },
        {
          "name": "keyword.operator.logical.yeep",
          "match": "\\b(and|or|not)\\b"
        }
      ]
    },    "builtin-functions": {
      "patterns": [
        {
          "name": "support.function.builtin.yeep",
          "match": "\\b(print|input|str|length|uppercase|lowercase|sqrt|max|min|abs|floor|ceil|round|size|get|push|pop|type|random|range)\\b"
        }
      ]
    },
    "operators": {
      "patterns": [
        {
          "name": "keyword.operator.arithmetic.yeep",
          "match": "[+\\-*/%]"
        },
        {
          "name": "keyword.operator.comparison.yeep",
          "match": "(==|!=|<=|>=|<|>)"
        },
        {
          "name": "keyword.operator.assignment.yeep",
          "match": "="
        },
        {
          "name": "keyword.operator.logical.yeep",
          "match": "(&&|\\|\\||!)"
        }
      ]
    },
    "punctuation": {
      "patterns": [
        {
          "name": "punctuation.terminator.statement.yeep",
          "match": ";"
        },
        {
          "name": "punctuation.separator.comma.yeep",
          "match": ","
        },
        {
          "name": "punctuation.section.brackets.begin.yeep",
          "match": "\\["
        },
        {
          "name": "punctuation.section.brackets.end.yeep",
          "match": "\\]"
        },
        {
          "name": "punctuation.section.braces.begin.yeep",
          "match": "\\{"
        },
        {
          "name": "punctuation.section.braces.end.yeep",
          "match": "\\}"
        },
        {
          "name": "punctuation.section.parens.begin.yeep",
          "match": "\\("
        },
        {
          "name": "punctuation.section.parens.end.yeep",
          "match": "\\)"
        }
      ]
    },
    "function-calls": {
      "patterns": [
        {
          "name": "entity.name.function.yeep",
          "match": "\\b[a-zA-Z_][a-zA-Z0-9_]*(?=\\s*\\()"
        }
      ]
    },
    "variables": {
      "patterns": [
        {
          "name": "variable.other.yeep",
          "match": "\\b[a-zA-Z_][a-zA-Z0-9_]*\\b"
        }
      ]
    }
  },
  "scopeName": "source.yeep"
}
